{
  "project_info": {
    "project_number": "291577577463",
    "project_id": "foodappnew-bc43e",
    "storage_bucket": "foodappnew-bc43e.appspot.com"
  },
  "client": [
    {
      "client_info": {
        "mobilesdk_app_id": "1:291577577463:android:c4c3dc063dd0df53d5b8f2",
        "android_client_info": {
          "package_name": "com.example.gofood"
        }
      },
      "oauth_client": [
        {
          "client_id": "291577577463-dshmln4ba81td4nkr58h1mr6hbmh79kf.apps.googleusercontent.com",
          "client_type": 3
        }
      ],
      "api_key": [
        {
          "current_key": "AIzaSyBUOLVjWkGa-V7SV7FAZ_DzqaxwLwLbOag"
        }
      ],
      "services": {
        "appinvite_service": {
          "other_platform_oauth_client": [
            {
              "client_id": "291577577463-dshmln4ba81td4nkr58h1mr6hbmh79kf.apps.googleusercontent.com",
              "client_type": 3
            }
          ]
        }
      }
    }
  ],
  "configuration_version": "1"
}